Gen,Gen-Position,Gen AA,Mutation type,Gen,,nucleotido,nucleotid,en,Probe,No,Position,Reference Codon,Mutated Codon,Reference Aminoacid,Mutated Aminoacid,forward_SONDA,pos_sec_sonda,Drug Resistance,Notes,
ddn,ddn-144,ddn_L49P,sust,L49P,49,147,144,,AGAAGATTCCGGTCGCGCTG,1,1,CTG,,L,P,,,Delamanid,2 ) Asso c w RI,
embA,embA-9,embA_c-12t,sust,c-12t,12,12,9,ct,CATCGAGCCTCGTGCCCCAC,1,1,GAC,,,,,,Ethambutol,1 ) Asso c w R,
embB,embB-219,embB_L74R,sust,L74R,74,222,219,,TGACCGCCCCGCTGATCTCG,1,1,CTG,,L,R,,,Ethambutol,2 ) Asso c w RI,
embB,embB-915,embB_M306L,sust,M306L,306,918,915,,ACGACGGCTACATCCTGGGC,1,1,ATG,,M,L,,,Ethambutol,1 ) Asso c w R,
embB,embB-915,embB_M306V,sust,M306V,306,918,915,,,1,1,ATG,,M,V,,,Ethambutol,1 ) Asso c w R,
embB,embB-954,embB_Y319C,sust,Y319C,319,957,954,,ACGCCGGCTACATGTCCAAC,1,1,TAT,,Y,C,,,Ethambutol,1 ) Asso c w R,
embB,embB-954,embB_Y319S,sust,Y319S,319,957,954,,,1,1,TAT,,Y,S,,,Ethambutol,1 ) Asso c w R,
embB,embB-981,embB_D328Y,sust,D328Y,328,984,981,,GCTGGTTCGGCAGCCCGGAG,1,1,GAT,,D,Y,,,Ethambutol,1 ) Asso c w R,
embB,embB-1059,embB_D354A,sust,D354A,354,1062,1059,,GTCTGTGGATGCGCCTGCCA,1,1,GAC,,D,A,,,Ethambutol,1 ) Asso c w R,
embB,embB-1215,embB_G406A,sust,G406A,406,1218,1215,,ACAACGGCCTGCGGCCGGAG,1,1,GGC,,G,A,,,Ethambutol,1 ) Asso c w R,
embB,embB-1215,embB_G406C,sust,G406C,406,1218,1215,,,1,1,GGC,,G,C,,,Ethambutol,1 ) Asso c w R,
embB,embB-1215,embB_G406D,sust,G406D,406,1218,1215,,,1,1,GGC,,G,D,,,Ethambutol,1 ) Asso c w R,
embB,embB-1215,embB_G406S,sust,G406S,406,1218,1215,,,1,1,GGC,,G,S,,,Ethambutol,1 ) Asso c w R,
embB,embB-1488,embB_Q497K,sust,Q497K,497,1491,1488,,TGACCGTGGTGTTCGCCGAC,1,1,CAG,,Q,K,,,Ethambutol,1 ) Asso c w R,
embB,embB-1488,embB_Q497R,sust,Q497R,497,1491,1488,,,1,1,CAG,,Q,R,,,Ethambutol,1 ) Asso c w R,
ethA,ethA-30,ethA_G11V,sust,G11V,11,33,30,,ACCTCGACGTTGTCATCGTG,1,1,GGC,,G,V,,,Etionamida,2 ) Asso c w RI,
ethA,ethA-93,ethA_Y32D,sust,Y32D,32,96,93,,ACCGTTGCCCGACCAAGAGC,1,1,TAC,,Y,D,,,Etionamida,2 ) Asso c w RI,
ethA,ethA-168,ethA_S57Y,sust,S57Y,57,171,168,,ATCCCGGAATTCGCTCCGAC,1,1,TCC,,S,Y,,,Etionamida,2 ) Asso c w RI,
ethA,ethA-261,ethA_T88I,sust,T88I,88,264,261,,TCCTCGAGTACGTCAAGAGC,1,1,ACC,,T,I,,,Etionamida,2 ) Asso c w RI,
ethA,ethA-438,ethA_Y147!,sust,Y147!,147,441,438,,ACTACAACTACGACGAGGGC,1,1,TAC,,Y,!,,,Etionamida,2 ) Asso c w RI,
ethA,ethA-618,ethA_R207G,sust,R207G,207,621,618,,AGCACGTCACGATGCTGCAG,1,1,CGC,,R,G,,,Etionamida,1 ) Asso c w R,
ethA,ethA-1020,ethA_A341V,sust,A341V,341,1023,1020,,CGGCTGACATCATCATTACC,1,1,GCA,,A,V,,,Etionamida,2 ) Asso c w RI,
ethA,ethA-1074,ethA_Q359!,sust,Q359!,359,1077,1074,,CGACGGCGACTATCGACGGA,1,1,CAA,,Q,!,,,Etionamida,2 ) Asso c w RI,
ethA,ethA-1131,ethA_P378L,sust,P378L,378,1134,1131,,GCATGATGCTTTCCGGCATC,1,1,CCC,,P,L,,,Etionamida,2 ) Asso c w RI,
ethA,ethA-1167,ethA_S390F,sust,S390F,390,1170,1167,,CGGTTGGCTACACCAATGCC,1,1,TCC,,S,F,,,Etionamida,2 ) Asso c w RI,
gid,gid-204,gid_G69D,sust,G69D,69,207,204,,GTGACCGGGTCGTGGATATC,,1,GGT,,G,D,,,Streptomycin,1 ) Asso c w R,
gid,gid-216,gid_G73A,sust,G73A,73,219,216,,TGGATATCGGTAGCGGAGCC,,1,GGG,,G,A,,,Streptomycin,2 ) Asso c w RI,
gid,gid-222,gid_P75R,sust,P75R,75,225,222,,TCGGTAGCGGAGCCGGGTTG,,1,CCG,,P,R,,,Streptomycin,1 ) Asso c w R,
gid,gid-249,gid_P84L,sust,P84L,84,252,249,,TGCCATTGGCGATAGCGCGG,,1,CCG,,P,L,,,Streptomycin,2 ) Asso c w RI,
gid,gid-372,gid_Q125!,sust,Q125!,125,375,372,,GCGCCGAGGAGTCCTGGGTG,,1,CAG,,Q,!,,,Streptomycin,1 ) Asso c w R,
gid,gid-399,gid_A134E,sust,A134E,134,402,399,,AATTGGGCGGCAGCGACGCT,,1,GCG,,A,E,,,Streptomycin,1 ) Asso c w R,
glpK,glpK-570,glpK-191,sust,glpK-191,191,573,570,,TGACCGGCGGGCCGCGGGGG,1,1,GGT,,,,GCATGTCACCGATGTAACCAA,1,,,
gyrA,gyrA-219,gyrA-74,sust,gyrA-74,74,222,219,,ACCGCAGCCACGCCAAGTCG,1,1,GCC,,,,CGGTCGGTTGCCGAGACCATG,1,Fluoroquinolones,,
gyrA,gyrA-303,gyrA-102,sust,gyrA-102,102,306,303,,GCCTGGTGCGCATGGCCCAG,1,1,CCC,,,,TGGTCGCTGCGCTACCCGCTG,1,Fluoroquinolones,,
gyrA,gyrA-261,gyrA_G88A,sust,G88A,88,264,261,,TGGGCAACTACCACCCGCAC,1,1,GGC,,G,A,ACCGAAGTTCAGGCGATCATC,1,Fluoroquinolones,2 ) Asso c w RI,LFX
gyrA,gyrA-26979,gyrA-89-94,sust,gyrA-89-94,8994,26982,26979,,,3,3-6-15,,,,,AGCCTGGTGCGCATGGCCCAG,1-9-12,Fluoroquinolones,1 ) Asso c w R,LFX
gyrA,gyrA-261,gyrA_G88A,sust,G88A,88,264,261,,TGGGCAACTACCACCCGCAC,,1,GGC,,G,A,,,Fluoroquinolones,2 ) Asso c w RI,"LFX, MXF"
gyrA,gyrA-261,gyrA_G88C,sust,G88C,88,264,261,,,,1,GGC,,G,C,,,Fluoroquinolones,1 ) Asso c w R,"LFX, MXF"
gyrA,gyrA-267,gyrA_A90V,sust,A90V,90,270,267,,ACTACCACCCGCACGGCGAC,,1-3,GCG,,A,V,,,Fluoroquinolones,1 ) Asso c w R,"LFX, MXF"
gyrA,gyrA-270,gyrA_S91P,sust,S91P,91,273,270,,,,1,TCG,,S,P,,,Fluoroquinolones,1 ) Asso c w R,"LFX, MXF"
gyrA,gyrA-279,gyrA_D94A,sust,D94A,94,282,279,,ACGGCGACGCGTCGATCTAC,,1,GAC,,D,A,,,Fluoroquinolones,1 ) Asso c w R,"LFX, MXF"
gyrA,gyrA-279,gyrA_D94G,sust,D94G,94,282,279,,,,,GAC,,D,G,,,Fluoroquinolones,1 ) Asso c w R,"LFX, MXF"
gyrA,gyrA-279,gyrA_D94H,sust,D94H,94,282,279,,,,,GAC,,D,H,,,Fluoroquinolones,1 ) Asso c w R,"LFX, MXF"
gyrA,gyrA-279,gyrA_D94N,sust,D94N,94,282,279,,,,,GAC,,D,N,,,Fluoroquinolones,1 ) Asso c w R,"LFX, MXF"
gyrA,gyrA-279,gyrA_D94Y,sust,D94Y,94,282,279,,,,,GAC,,D,Y,,,Fluoroquinolones,1 ) Asso c w R,"LFX,MXF"
gyrB,gyrB-1380,gyrB_D461N,sust,D461N,461,1383,1380,,AACTGTATGTCGTAGAAGGT,,,GAC,,D,N,,,Fluoroquinolones,2 ) Asso c w RI,"LFX, MXF"
gyrB,gyrB-1494,gyrB_N499D,sust,N499D,499,1497,1494,,GCATCGACCGGGTGCTAAAG,,,AAC,,N,D,,,Fluoroquinolones,2 ) Asso c w RI,LFX. MXF
gyrB,gyrB-1500,gyrB_E501D,sust,E501D,501,1503,1500,,ACCGGGTGCTAAAGAACACC,,,GAA,,E,D,,,Fluoroquinolones,2 ) Asso c w RI,LFX. MXF
gyrB,gyrB-1500,gyrB_E501V,sust,E501V,501,1503,1500,,,,,GAA,,E,V,,,Fluoroquinolones,2 ) Asso c w RI,"LFX, MXF"
gyrB,gyrB-1509,gyrB_A504V,sust,A504V,504,1512,1509,,TAAAGAACACCGAAGTTCAG,,,GCG,,A,V,,,Fluoroquinolones,2 ) Asso c w RI,"LFX, MXF"
inhA,inhA-151,inhA_g-154a (fabG1_L203L),sust,g-154a,154,154,151,ga,GCGGCTGATTCAGCGCATCA,,,CCG,,,,,,Isoniazid,1 ) Asso c w R,
inhA,inhA-151,inhA_g-154a (fabG1_L203L),sust,g-154a,154,154,151,ga,,1,1,CCG,,,,,,Etionamida,2 ) Asso c w RI,
inhA,inhA-767,inhA_t-770c (fabG1_t-8c),sust,t-770c,770,770,767,tc,CCGGCGACCACGGGTGACAT,,,CAT,,,,,,Isoniazid,2 ) Asso c w RI,
inhA,inhA-767,inhA_t-770a (fabG1_t-8a),sust,t-770a,770,770,767,ta,,,,CAT,,,,,,Isoniazid,2 ) Asso c w RI,
InhA,InhA-774,InhA_c-777t (fabG1_c-15t,sust,c-777t,777,777,774,ct,CGACCACGGGTGACATCATC,,,TAC,,,,,,Isoniazid,1 ) Asso c w R,
inhA,inhA-279,inhA_S94A,sust,S94A,94,282,279,,AGCTCGACGGGGTGGTGCAT,1,1,TCG,,S,A,,,Etionamida,2 ) Asso c w RI,
kasA,kasA-804,kasA-269,sust,kasA-269,269,807,804,,TGGCCCGATTGCTGGGTGCC,1,1,GGT,,,,ATCACCTCGGACGCCTTTCAT,1,Isoniazide,,
katG,katG-5154,katG-17-19,sust,katG-17-19,1719,5157,5154,,,1,1,,,,,AACGGCTGTCCCGTCGTGGGT,1,Isoniazide,,
katG,katG-417,katG-140,sust,katG-140,140,420,417,,ACAGCTGGCCCGACAACGCC,1,1,AGC,,,,TTGGACAAGGCGCGCCGGCTG,1,Isoniazide,,
katG,katG-852,katG-285,sust,katG-285,285,855,852,,CCGGCCCGGCCGATCTGGTC,1,1,GGC,,,,CCCGAACCCGAGGCTGCTCCG,1,Isoniazide,,
katG,katG-945945,katG-315-316,sust,katG-315-316,315316,945948,945945,,,1,1,,,,,GGCATCGAGGTCGTATGGA,1,Isoniazid,1 ) Asso c w R,
KatG,KatG-981,KatG_W328L,sust,W328L,328,984,981,,GGACGAACACCCCGACGAAA,,,TGG,,W,L,,,Isoniazid,1 ) Asso c w R,
panD,panD-93,panD-32,sust,panD-32,32,96,93,,CGGTGACCATCGATGCCGAC,1,1,TTG,,,,AAGATCCACCGCGCCACGGTG,1,,,
pncA,pncA-2739,pncA-9-14,sust,pncA-9-14,914,2742,2739,,,3,3-9-15,,,,,GAGGGTGGCTCGCTGGCGGTA,1-6-12,Pyrazinamide,,
pncA,pncA-10302,pncA-34-35,sust,pncA-34-35,3435,10305,10302,,,1,1,,,,,CTGGCCGAAGCGGCGGAC,1,Pyrazinamide,,
pncA,pncA-168,pncA-57,sust,pncA-57,57,171,168,,TCCACATCGACCCGGGTGAC,1,1,CAC,,,,TTCTCCGGCACACCGGACTAT,1,Pyrazinamide,1) Assoc w R,
pncA,pncA-483,pncA-162,sust,pncA-162,162,486,483,,TGCTGGTGGACCTGACAGCG,1,1,GGT,,,,GTGTCGGCCGATACCACCGTC,1,Pyrazinamide,,
pncA,pncA-513513,pncA-171-172,sust,pncA-171-172,171172,513516,513513,,,1,3,,,,,GAGGAGATGCGCACCGCCAGC,1,Pyrazinamide,,
pncA,pncA-552,pncA-185,sust,pncA-185,185,555,552,,CCAGCGTCGAGTTGGTTTGC,1,1,AGC,,,,TCCTGATGGCACCGCCGAACC,1,Pyrazinamide,,
pncA,pncA-0,pncA_M1T,sust,M1T,1,3,0,,GCCCGAACGTATGGTGGACGT,9,1-9-12-15-18-21-24-27-30,ATG,,M,T,,,Pyrazinamide,1) Assoc w R,
pncA,pncA-6,pncA_A3E,sust,A3E,3,9,6,,,,,GCG,,A,E,,,Pyrazinamide,2 ) Asso c w RI,
pncA,pncA-9,pncA_L4S,sust,L4S,4,12,9,,,,,TTG,,L,S,,,Pyrazinamide,1) Assoc w R,
pncA,pncA-9,pncA_L4W,sust,L4W,4,12,9,,,,,TTG,,L,W,,,Pyrazinamide,1) Assoc w R,
pncA,pncA-12,pncA_I5S,sust,I5S,5,15,12,,,,,ATC,,I,S,,,Pyrazinamide,2 ) Asso c w RI,
pncA,pncA-15,pncA_I6T,sust,I6T,6,18,15,,,,,ATC,,I,T,,,Pyrazinamide,1) Assoc w R,
pncA,pncA-18,pncA_V7A,sust,V7A,7,21,18,,,,,GTC,,V,A,,,Pyrazinamide,1) Assoc w R,
pncA,pncA-18,pncA_V7G,sust,V7G,7,21,18,,,,,GTC,,V,G,,,Pyrazinamide,1) Assoc w R,
pncA,pncA-18,pncA_V7L,sust,V7L,7,21,18,,,,,GTC,,V,L,,,Pyrazinamide,1) Assoc w R,
pncA,pncA-21,pncA_D8A,sust,D8A,8,24,21,,,,,GAC,,D,A,,,Pyrazinamide,2 ) Asso c w RI,
pncA,pncA-21,pncA_D8E,sust,D8E,8,24,21,,,,,GAC,,D,E,,,Pyrazinamide,2 ) Asso c w RI,
pncA,pncA-21,pncA_D8G,sust,D8G,8,24,21,,,,,GAC,,D,G,,,Pyrazinamide,1) Assoc w R,
pncA,pncA-21,pncA_D8N,sust,D8N,8,24,21,,,,,GAC,,D,N,,,Pyrazinamide,1) Assoc w R,
pncA,pncA-24,pncA_V9G,sust,V9G,9,27,24,,,,,GTG,,V,G,,,Pyrazinamide,2 ) Asso c w RI,
pncA,pncA-27,pncA_Q10!,sust,Q10!,10,30,27,,,,,CAG,,Q,!,,,Pyrazinamide,2 ) Asso c w RI,
pncA,pncA-27,pncA_Q10H,sust,Q10H,10,30,27,,,,,CAG,,Q,H,,,Pyrazinamide,2 ) Asso c w RI,
pncA,pncA-27,pncA_Q10P,sust,Q10P,10,30,27,,,,,CAG,,Q,P,,,Pyrazinamide,1) Assoc w R,
pncA,pncA-27,pncA_Q10R,sust,Q10R,10,30,27,,,,,CAG,,Q,R,,,Pyrazinamide,1) Assoc w R,
pncA,pncA-33,pncA_D12A,sust,D12A,12,36,33,,TCATCGTCGACGTGCAGAAC,,1-3-6-15-18-21,GAC,,D,A,,,Pyrazinamide,1) Assoc w R,
pncA,pncA-33,pncA_D12E,sust,D12E,12,36,33,,,,,GAC,,D,E,,,Pyrazinamide,1) Assoc w R,
pncA,pncA-33,pncA_D12G,sust,D12G,12,36,33,,,,,GAC,,D,G,,,Pyrazinamide,1) Assoc w R,
pncA,pncA-33,pncA_D12N,sust,D12N,12,36,33,,,,,GAC,,D,N,,,Pyrazinamide,2 ) Asso c w RI,
pncA,pncA-36,pncA_F13I,sust,F13I,13,39,36,,,,,TTC,,F,I,,,Pyrazinamide,2 ) Asso c w RI,
pncA,pncA-36,pncA_F13L,sust,F13L,13,39,36,,,,,TTC,,F,L,,,Pyrazinamide,2 ) Asso c w RI,
pncA,pncA-39,pncA_C14R,sust,C14R,14,42,39,,,,,TGC,,C,R,,,Pyrazinamide,1) Assoc w R,
pncA,pncA-48,pncA_G17D,sust,G17D,17,51,48,,,,,GGC,,G,D,,,Pyrazinamide,2 ) Asso c w RI,
pncA,pncA-51,pncA_S18!,sust,S18!,18,54,51,,,,,TCG,,S,!,,,Pyrazinamide,2 ) Asso c w RI,
pncA,pncA-54,pncA_L19P,sust,L19P,19,57,54,,,,,CTG,,L,P,,,Pyrazinamide,2 ) Asso c w RI,
pncA,pncA-60,pncA_V21G,sust,V21G,21,63,60,,GCGAGGGTGGCTCGCTGGCG,,1-12-21,GTA,,V,G,,,Pyrazinamide,2 ) Asso c w RI,
pncA,pncA-69,pncA_G24D,sust,G24D,24,72,69,,,,,GGC,,G,D,,,Pyrazinamide,1) Assoc w R,
pncA,pncA-78,pncA_L27P,sust,L27P,27,81,78,,,,,CTG,,L,P,,,Pyrazinamide,1) Assoc w R,
pncA,pncA-90,pncA_I31S,sust,I31S,31,93,90,,GCGCCGCGCTGGCCCGCGCC,,1-9,ATC,,I,S,,,Pyrazinamide,1) Assoc w R,
pncA,pncA-90,pncA_I31T,sust,I31T,31,93,90,,,,,ATC,,I,T,,,Pyrazinamide,2 ) Asso c w RI,
pncA,pncA-99,pncA_Y34!,sust,Y34!,34,102,99,,,,,TAC,,Y,!,,,Pyrazinamide,2 ) Asso c w RI,
pncA,pncA-99,pncA_Y34D,sust,Y34D,34,102,99,,,,,TAC,,Y,D,,,Pyrazinamide,1) Assoc w R,
pncA,pncA-129,pncA_V44G,sust,V44G,44,132,129,,AAGCGGCGGACTACCATCAC,1,1-6-9-12-15,GTC,,V,G,,,Pyrazinamide,2 ) Asso c w RI,
pncA,pncA-135,pncA_A46E,sust,A46E,46,138,135,,,,,GCA,,A,E,,,Pyrazinamide,2 ) Asso c w RI,
pncA,pncA-135,pncA_A46V,sust,A46V,46,138,135,,,,,GCA,,A,V,,,Pyrazinamide,2 ) Asso c w RI,
pncA,pncA-138,pncA_T47A,sust,T47A,47,141,138,,,,,ACC,,T,A,,,Pyrazinamide,1) Assoc w R,
pncA,pncA-138,pncA_T47P,sust,T47P,47,141,138,,,,,ACC,,T,P,,,Pyrazinamide,2 ) Asso c w RI,
pncA,pncA-141,pncA_K48E,sust,K48E,48,144,141,,,,,AAG,,K,E,,,Pyrazinamide,2 ) Asso c w RI,
pncA,pncA-141,pncA_K48T,sust,K48T,48,144,141,,,,,AAG,,K,T,,,Pyrazinamide,2 ) Asso c w RI,
pncA,pncA-144,pncA_D49A,sust,D49A,49,147,144,,,,,GAC,,D,A,,,Pyrazinamide,1) Assoc w R,
pncA,pncA-144,pncA_D49E,sust,D49E,49,147,144,,,,,GAC,,D,E,,,Pyrazinamide,2 ) Asso c w RI,
pncA,pncA-144,pncA_D49G,sust,D49G,49,147,144,,,,,GAC,,D,G,,,Pyrazinamide,1) Assoc w R,
pncA,pncA-144,pncA_D49N,sust,D49N,49,147,144,,,,,GAC,,D,N,,,Pyrazinamide,2 ) Asso c w RI,
pncA,pncA-150,pncA_H51D,sust,H51D,51,153,150,,TCGTGGCAACCAAGGACTTC,,1-9,CAC,,H,D,,,Pyrazinamide,1) Assoc w R,
pncA,pncA-150,pncA_H51P,sust,H51P,51,153,150,,,,,CAC,,H,P,,,Pyrazinamide,2 ) Asso c w RI,
pncA,pncA-150,pncA_H51Q,sust,H51Q,51,153,150,,,,,CAC,,H,Q,,,Pyrazinamide,1) Assoc w R,
pncA,pncA-150,pncA_H51R,sust,H51R,51,153,150,,,,,CAC,,H,R,,,Pyrazinamide,1) Assoc w R,
pncA,pncA-150,pncA_H51Y,sust,H51Y,51,153,150,,,,,CAC,,H,Y,,,Pyrazinamide,2 ) Asso c w RI,
pncA,pncA-159,pncA_P54L,sust,P54L,54,162,159,,,,,CCG,,P,L,,,Pyrazinamide,1) Assoc w R,
pncA,pncA-159,pncA_P54Q,sust,P54Q,54,162,159,,,,,CCG,,P,Q,,,Pyrazinamide,2 ) Asso c w RI,
pncA,pncA-168,pncA_H57D,sust,H57D,57,171,168,,TCCACATCGACCCGGGTGAC,,1-3-6,CAC,,H,D,,,Pyrazinamide,1) Assoc w R,
pncA,pncA-168,pncA_H57R,sust,H57R,57,171,168,,,,,CAC,,H,R,,,Pyrazinamide,1) Assoc w R,
pncA,pncA-168,pncA_H57Y,sust,H57Y,57,171,168,,,,1,CAC,,H,Y,,,Pyrazinamide,1) Assoc w R,
pncA,pncA-171,pncA_F58L,sust,F58L,58,174,171,,,,,TTC,,F,L,,,Pyrazinamide,1) Assoc w R,
pncA,pncA-174,pncA_S59P,sust,S59P,59,177,174,,,,,TCC,,S,P,,,Pyrazinamide,1) Assoc w R,
pncA,pncA-183,pncA_P62L,sust,P62L,62,186,183,,GTGACCACTTCTCCGGCACA,,1-3-6-15-18-21,CCG,,P,L,,,Pyrazinamide,1) Assoc w R,
pncA,pncA-183,pncA_P62S,sust,P62S,62,186,183,,,,,CCG,,P,S,,,Pyrazinamide,2 ) Asso c w RI,
pncA,pncA-183,pncA_P62T,sust,P62T,62,186,183,,,,,CCG,,P,T,,,Pyrazinamide,2 ) Asso c w RI,
pncA,pncA-186,pncA_D63A,sust,D63A,63,189,186,,,,,GAC,,D,A,,,Pyrazinamide,1) Assoc w R,
pncA,pncA-186,pncA_D63G,sust,D63G,63,189,186,,,,,GAC,,D,G,,,Pyrazinamide,2 ) Asso c w RI,
pncA,pncA-189,pncA_Y64D,sust,Y64D,64,192,189,,,,,TAT,,Y,D,,,Pyrazinamide,2 ) Asso c w RI,
pncA,pncA-198,pncA_S67P,sust,S67P,67,201,198,,,,,TCG,,S,P,,,Pyrazinamide,1) Assoc w R,
pncA,pncA-201,pncA_W68!,sust,W68!,68,204,201,,,,,TGG,,W,!,,,Pyrazinamide,2 ) Asso c w RI,
pncA,pncA-201,pncA_W68C,sust,W68C,68,204,201,,,,,TGG,,W,C,,,Pyrazinamide,1) Assoc w R,
pncA,pncA-201,pncA_W68G,sust,W68G,68,204,201,,,,,TGG,,W,G,,,Pyrazinamide,1) Assoc w R,
pncA,pncA-201,pncA_W68R,sust,W68R,68,204,201,,,,,TGG,,W,R,,,Pyrazinamide,1) Assoc w R,
pncA,pncA-204,pncA_P69L,sust,P69L,69,207,204,,,,,CCA,,P,L,,,Pyrazinamide,1) Assoc w R,
pncA,pncA-210,pncA_H71D,sust,H71D,71,213,210,,ATTCCTCGTCGTGGCCACCG,,1-2,CAT,,H,D,,,Pyrazinamide,2 ) Asso c w RI,
pncA,pncA-210,pncA_H71P,sust,H71P,71,213,210,,,,,CAT,,H,P,,,Pyrazinamide,1) Assoc w R,
pncA,pncA-210,pncA_H71R,sust,H71R,71,213,210,,,,,CAT,,H,R,,,Pyrazinamide,1) Assoc w R,
pncA,pncA-210,pncA_H71Y,sust,H71Y,71,213,210,,,,,CAT,,H,Y,,,Pyrazinamide,1) Assoc w R,
pncA,pncA-213,pncA_C72R,sust,C72R,72,216,213,,,,,TGC,,C,R,,,Pyrazinamide,2 ) Asso c w RI,
pncA,pncA-213,pncA_C72Y,sust,C72Y,72,216,213,,,,,TGC,,C,Y,,,Pyrazinamide,2 ) Asso c w RI,
pncA,pncA-225,pncA_T76I,sust,T76I,76,228,225,,CACCGCATTGCGTCAGCGGT,,,ACT,,T,I,,,Pyrazinamide,2 ) Asso c w RI,
pncA,pncA-225,pncA_T76P,sust,T76P,76,228,225,,,,,ACT,,T,P,,,Pyrazinamide,1) Assoc w R,
pncA,pncA-240,pncA_F81V,sust,F81V,81,243,240,,,,1-3-12,TTC,,F,V,,,Pyrazinamide,2 ) Asso c w RI,
pncA,pncA-243,pncA_H82R,sust,H82R,82,246,243,,,,,CAT,,H,R,,,Pyrazinamide,2 ) Asso c w RI,
pncA,pncA-252,pncA_L85P,sust,L85P,85,255,252,,,,,CTG,,L,P,,,Pyrazinamide,1) Assoc w R,
pncA,pncA-252,pncA_L85R,sust,L85R,85,255,252,,,,,CTG,,L,R,,,Pyrazinamide,1) Assoc w R,
pncA,pncA-267,pncA_I90S,sust,I90S,90,270,267,,CCAGTCTGGACACGTCGGCA,,1-3,ATC,,I,S,,,Pyrazinamide,1) Assoc w R,
pncA,pncA-267,pncA_I90T,sust,I90T,90,270,267,,,,,ATC,,I,T,,,Pyrazinamide,2 ) Asso c w RI,
pncA,pncA-270,pncA_E91!,sust,E91!,91,273,270,,,,,GAG,,E,!,,,Pyrazinamide,2 ) Asso c w RI,
pncA,pncA-279,pncA_F94C,sust,F94C,94,282,279,,CGTCGGCAATCGAGGCGGTG,,1-6-9,TTC,,F,C,,,Pyrazinamide,1) Assoc w R,
pncA,pncA-279,pncA_F94L,sust,F94L,94,282,279,,,,,TTC,,F,L,,,Pyrazinamide,1) Assoc w R,
pncA,pncA-279,pncA_F94S,sust,F94S,94,282,279,,,,,TTC,,F,S,,,Pyrazinamide,2 ) Asso c w RI,
pncA,pncA-285,pncA_K96E,sust,K96E,96,288,285,,,,,AAG,,K,E,,,Pyrazinamide,1) Assoc w R,
pncA,pncA-285,pncA_K96Q,sust,K96Q,96,288,285,,,,,AAG,,K,Q,,,Pyrazinamide,2 ) Asso c w RI,
pncA,pncA-285,pncA_K96R,sust,K96R,96,288,285,,,,,AAG,,K,R,,,Pyrazinamide,1) Assoc w R,
pncA,pncA-285,pncA_K96T,sust,K96T,96,288,285,,,,,AAG,,K,T,,,Pyrazinamide,1) Assoc w R,
pncA,pncA-288,pncA_G97C,sust,G97C,97,291,288,,,,,GGT,,G,C,,,Pyrazinamide,1) Assoc w R,
pncA,pncA-288,pncA_G97D,sust,G97D,97,291,288,,,,,GGT,,G,D,,,Pyrazinamide,1) Assoc w R,
pncA,pncA-288,pncA_G97R,sust,G97R,97,291,288,,,,,GGT,,G,R,,,Pyrazinamide,1) Assoc w R,
pncA,pncA-288,pncA_G97S,sust,G97S,97,291,288,,,,,GGT,,G,S,,,Pyrazinamide,1) Assoc w R,
pncA,pncA-288,pncA_G97V,sust,G97V,97,291,288,,,,,GGT,,G,V,,,Pyrazinamide,2 ) Asso c w RI,
pncA,pncA-294,pncA_Y99!,sust,Y99!,99,297,294,,CGGTGTTCTACAAGGGTGCC,,1,TAC,,Y,!,,,Pyrazinamide,2 ) Asso c w RI,
pncA,pncA-303,pncA_A102P,sust,A102P,102,306,303,,ACAAGGGTGCCTACACCGGA,,1-3-6-9-12,GCG,,A,P,,,Pyrazinamide,1) Assoc w R,
pncA,pncA-306,pncA_Y103!,sust,Y103!,103,309,306,,,,,TAC,,Y,!,,,Pyrazinamide,1) Assoc w R,
pncA,pncA-306,pncA_Y103C,sust,Y103C,103,309,306,,,,,TAC,,Y,C,,,Pyrazinamide,1) Assoc w R,
pncA,pncA-306,pncA_Y103D,sust,Y103D,103,309,306,,,,,TAC,,Y,D,,,Pyrazinamide,2 ) Asso c w RI,
pncA,pncA-306,pncA_Y103H,sust,Y103H,103,309,306,,,,,TAC,,Y,H,,,Pyrazinamide,1) Assoc w R,
pncA,pncA-306,pncA_Y103S,sust,Y103S,103,309,306,,,,,TAC,,Y,S,,,Pyrazinamide,2 ) Asso c w RI,
pncA,pncA-309,pncA_S104I,sust,S104I,104,312,309,,,,,AGC,,S,I,,,Pyrazinamide,2 ) Asso c w RI,
pncA,pncA-309,pncA_S104R,sust,S104R,104,312,309,,,,,AGC,,S,R,,,Pyrazinamide,2 ) Asso c w RI,
pncA,pncA-312,pncA_G105D,sust,G105D,105,315,312,,,,,GGC,,G,D,,,Pyrazinamide,2 ) Asso c w RI,
pncA,pncA-312,pncA_G105V,sust,G105V,105,315,312,,,,,GGC,,G,V,,,Pyrazinamide,1) Assoc w R,
pncA,pncA-315,pncA_F106S,sust,F106S,106,318,315,,,,,TTC,,F,S,,,Pyrazinamide,2 ) Asso c w RI,
pncA,pncA-321,pncA_G108R,sust,G108R,108,324,321,,GAGCGTACAGCGGCTTCGAA,,1,GGA,,G,R,,,Pyrazinamide,2 ) Asso c w RI,
pncA,pncA-345,pncA_L116P,sust,L116P,116,348,345,,TCGACGAGAACGGCACGCCA,,1,CTG,,L,P,,,Pyrazinamide,2 ) Asso c w RI,
pncA,pncA-345,pncA_L116R,sust,L116R,116,348,345,,,,,CTG,,L,R,,,Pyrazinamide,2 ) Asso c w RI,
pncA,pncA-354,pncA_W119!,sust,W119!,119,357,354,,ACGGCACGCCACTGCTGAAT,,1-3,TGG,,W,!,,,Pyrazinamide,2 ) Asso c w RI,
pncA,pncA-354,pncA_W119C,sust,W119C,119,357,354,,,,,TGG,,W,C,,,Pyrazinamide,1) Assoc w R,
pncA,pncA-354,pncA_W119G,sust,W119G,119,357,354,,,,,TGG,,W,G,,,Pyrazinamide,2 ) Asso c w RI,
pncA,pncA-354,pncA_W119R,sust,W119R,119,357,354,,,,,TGG,,W,R,,,Pyrazinamide,2 ) Asso c w RI,
pncA,pncA-357,pncA_L120P,sust,L120P,120,360,357,,,,,CTG,,L,P,,,Pyrazinamide,1) Assoc w R,
pncA,pncA-357,pncA_L120Q,sust,L120Q,120,360,357,,,,,CTG,,L,Q,,,Pyrazinamide,2 ) Asso c w RI,
pncA,pncA-357,pncA_L120R,sust,L120R,120,360,357,,,,,CTG,,L,R,,,Pyrazinamide,2 ) Asso c w RI,
pncA,pncA-363,pncA_Q122!,sust,Q122!,122,366,363,,CACTGCTGAATTGGCTGCGG,,,CAA,,Q,!,,,Pyrazinamide,1) Assoc w R,
pncA,pncA-372,pncA_V125F,sust,V125F,125,375,372,,ATTGGCTGCGGCAACGCGGC,,,GTC,,V,F,,,Pyrazinamide,1) Assoc w R,
pncA,pncA-372,pncA_V125G,sust,V125G,125,375,372,,,,,GTC,,V,G,,,Pyrazinamide,2 ) Asso c w RI,
pncA,pncA-381,pncA_V128G,sust,V128G,128,384,381,,GGCAACGCGGCGTCGATGAG,,1-6-9-12-15-18,GTC,,V,G,,,Pyrazinamide,1) Assoc w R,
pncA,pncA-387,pncA_V130G,sust,V130G,130,390,387,,,,,GTG,,V,G,,,Pyrazinamide,1) Assoc w R,
pncA,pncA-390,pncA_V131F,sust,V131F,131,393,390,,,,,GTC,,V,F,,,Pyrazinamide,2 ) Asso c w RI,
pncA,pncA-390,pncA_V131G,sust,V131G,131,393,390,,,,,GTC,,V,G,,,Pyrazinamide,2 ) Asso c w RI,
pncA,pncA-393,pncA_G132A,sust,G132A,132,396,393,,,,,GGT,,G,A,,,Pyrazinamide,1) Assoc w R,
pncA,pncA-393,pncA_G132D,sust,G132D,132,396,393,,,,,GGT,,G,D,,,Pyrazinamide,2 ) Asso c w RI,
pncA,pncA-393,pncA_G132S,sust,G132S,132,396,393,,,,,GGT,,G,S,,,Pyrazinamide,1) Assoc w R,
pncA,pncA-396,pncA_I133T,sust,I133T,133,399,396,,,,,ATT,,I,T,,,Pyrazinamide,1) Assoc w R,
pncA,pncA-399,pncA_A134V,sust,A134V,134,402,399,,,,,GCC,,A,V,,,Pyrazinamide,1) Assoc w R,
pncA,pncA-402,pncA_T135N,sust,T135N,135,405,402,,TCGATGTGGTCGGTATTGCC,,,ACC,,T,N,,,Pyrazinamide,2 ) Asso c w RI,
pncA,pncA-402,pncA_T135P,sust,T135P,135,405,402,,,,,ACC,,T,P,,,Pyrazinamide,1) Assoc w R,
pncA,pncA-411,pncA_C138R,sust,C138R,138,414,411,,TCGGTATTGCCACCGATCAT,,,TGT,,C,R,,,Pyrazinamide,1) Assoc w R,
pncA,pncA-414,pncA_V139A,sust,V139A,139,417,414,,GTATTGCCACCGATCATTGT,,,GTG,,V,A,,,Pyrazinamide,1) Assoc w R,
pncA,pncA-414,pncA_V139G,sust,V139G,139,417,414,,,,,GTG,,V,G,,,Pyrazinamide,1) Assoc w R,
pncA,pncA-414,pncA_V139L,sust,V139L,139,417,414,,,,,GTG,,V,L,,,Pyrazinamide,2 ) Asso c w RI,
pncA,pncA-420,pncA_Q141!,sust,Q141!,141,423,420,,CCACCGATCATTGTGTGCGC,,,CAG,,Q,!,,,Pyrazinamide,1) Assoc w R,
pncA,pncA-420,pncA_Q141P,sust,Q141P,141,423,420,,,,,CAG,,Q,P,,,Pyrazinamide,1) Assoc w R,
pncA,pncA-423,pncA_T142A,sust,T142A,142,426,423,,CCGATCATTGTGTGCGCCAG,,1-3,ACG,,T,A,,,Pyrazinamide,1) Assoc w R,
pncA,pncA-423,pncA_T142K,sust,T142K,142,426,423,,,,,ACG,,T,K,,,Pyrazinamide,2 ) Asso c w RI,
pncA,pncA-423,pncA_T142M,sust,T142M,142,426,423,,,,,ACG,,T,M,,,Pyrazinamide,1) Assoc w R,
pncA,pncA-426,pncA_A143G,sust,A143G,143,429,426,,,,,GCC,,A,G,,,Pyrazinamide,1) Assoc w R,
pncA,pncA-435,pncA_A146T,sust,A146T,146,438,435,,TGCGCCAGACGGCCGAGGAC,,1-3,GCG,,A,T,,,Pyrazinamide,1) Assoc w R,
pncA,pncA-435,pncA_A146V,sust,A146V,146,438,435,,,,,GCG,,A,V,,,Pyrazinamide,1) Assoc w R,
pncA,pncA-450,pncA_L151S,sust,L151S,151,453,450,,AGGACGCGGTACGCAATGGC,,1-9-12,TTG,,L,S,,,Pyrazinamide,1) Assoc w R,
pncA,pncA-459,pncA_R154G,sust,R154G,154,462,459,,,,,AGG,,R,G,,,Pyrazinamide,1) Assoc w R,
pncA,pncA-462,pncA_V155G,sust,V155G,155,465,462,,,,,GTG,,V,G,,,Pyrazinamide,1) Assoc w R,
pncA,pncA-462,pncA_V155M,sust,V155M,155,465,462,,,,,GTG,,V,M,,,Pyrazinamide,2 ) Asso c w RI,
pncA,pncA-474,pncA_L159R,sust,L159R,159,477,474,,CCACCAGGGTGCTGGTGGAC,,1-3-9-15,CTG,,L,R,,,Pyrazinamide,1) Assoc w R,
pncA,pncA-477,pncA_T160P,sust,T160P,160,480,477,,,,,ACA,,T,P,,,Pyrazinamide,1) Assoc w R,
pncA,pncA-483,pncA_G162D,sust,G162D,162,486,483,,,,,GGT,,G,D,,,Pyrazinamide,2 ) Asso c w RI,
pncA,pncA-489,pncA_S164!,sust,S164!,164,492,489,,,,,TCG,,S,!,,,Pyrazinamide,2 ) Asso c w RI,
pncA,pncA-489,pncA_S164P,sust,S164P,164,492,489,,,,,TCG,,S,P,,,Pyrazinamide,1) Assoc w R,
pncA,pncA-501,pncA_T168P,sust,T168P,168,504,501,,CGGGTGTGTCGGCCGATACC,,,ACC,,T,P,,,Pyrazinamide,2 ) Asso c w RI,
pncA,pncA-510,pncA_A171E,sust,A171E,171,513,510,,CGGCCGATACCACCGTCGCC,,1-3-12,GCG,,A,E,,,Pyrazinamide,2 ) Asso c w RI,
pncA,pncA-513,pncA_L172P,sust,L172P,172,516,513,,,,,CTG,,L,P,,,Pyrazinamide,1) Assoc w R,
pncA,pncA-513,pncA_L172R,sust,L172R,172,516,513,,,,,CTG,,L,R,,,Pyrazinamide,2 ) Asso c w RI,
pncA,pncA-522,pncA_M175T,sust,M175T,175,525,522,,,,,ATG,,M,T,,,Pyrazinamide,2 ) Asso c w RI,
pncA,pncA-522,pncA_M175V,sust,M175V,175,525,522,,,,,ATG,,M,V,,,Pyrazinamide,1) Assoc w R,
pncA,pncA-528,pncA_T177P,sust,T177P,177,531,528,,CCGCGCTGGAGGAGATGCGC,,,ACC,,T,P,,,Pyrazinamide,1) Assoc w R,
pncA,pncA-537,pncA_V180A,sust,V180A,180,540,537,,AGGAGATGCGCACCGCCAGC,,,GTC,,V,A,,,Pyrazinamide,2 ) Asso c w RI,
pncA,pncA-537,pncA_V180F,sust,V180F,180,540,537,,,,,GTC,,V,F,,,Pyrazinamide,1) Assoc w R,
pncA,pncA-537,pncA_V180G,sust,V180G,180,540,537,,,,,GTC,,V,G,,,Pyrazinamide,1) Assoc w R,
pncA,pncA-543,pncA_L182S,sust,L182S,182,546,543,,TGCGCACCGCCAGCGTCGAG,,,TTG,,L,S,,,Pyrazinamide,1) Assoc w R,
pncA,pncA-543,pncA_L182W,sust,L182W,182,546,543,,,,,TTG,,L,W,,,Pyrazinamide,2 ) Asso c w RI,
pykA,pykA-654,pykA-219,sust,pykA-219,219,657,654,,GGGTGCCGGTGATCGCCAAG,1,1,CTG,,,,AAGCCGGAAGCCATCGACAAT,1,,,
rplC,rplC-459,rplC_C154R,sust,C154R,154,462,459,,GTCCGGGCTCCATCGGCGGA,1,1,TGT,,C,R,,,Linezolid,1 ) Asso c w R,
rpoB,rpoB-1534596,rpoB-511-533,sust,rpoB-511-533,511533,1534599,1534596,,,3,5-10-15,,,,,,,Rifampin,Paul ayudame a checar bien esta por que no concuerdan las posiciones con los nucleotidos de referencia (estos nucleotidos me los diste en el parsing),
rpoB,rpoB-1719,rpoB-574,sust,rpoB-574,574,1722,1719,,CGTCTGAGGTGGACTACATG,1,1,GAC,,,,CTGTCGGTGTACGCGCGGGTC,1,Rifampin,,
rpoB,rpoB-1278,rpoB_T427A,sust,T427A,427,1281,1278,,CGATCAAGGAGTTCTTCGGC,,1-3-6-9-12-15-18,ACC,,T,A,,,Rifampin,2) Assoc w RI,
rpoB,rpoB-1278,rpoB_T427G,sust,T427G,427,1281,1278,,,,,ACC,,T,G,,,Rifampin,2) Assoc w RI,
rpoB,rpoB-1278,rpoB_T427I,sust,T427I,427,1281,1278,,,,,ACC,,T,I,,,Rifampin,2) Assoc w RI,
rpoB,rpoB-1278,rpoB_T427N,sust,T427N,427,1281,1278,,,,,ACC,,T,N,,,Rifampin,2) Assoc w RI,
rpoB,rpoB-1278,rpoB_T427S,sust,T427S,427,1281,1278,,,,,ACC,,T,S,,,Rifampin,2) Assoc w RI,
rpoB,rpoB-1281,rpoB_S428I,sust,S428I,428,1284,1281,,,,,AGC,,S,I,,,Rifampin,2) Assoc w RI,
rpoB,rpoB-1281,rpoB_S428R,sust,S428R,428,1284,1281,,,,,AGC,,S,R,,,Rifampin,2) Assoc w RI,
rpoB,rpoB-1281,rpoB_S428T,sust,S428T,428,1284,1281,,,,,AGC,,S,T,,,Rifampin,2) Assoc w RI,
rpoB,rpoB-1284,rpoB_Q429H,sust,Q429H,429,1287,1284,,,,,CAG,,Q,H,,,Rifampin,2) Assoc w RI,
rpoB,rpoB-1284,rpoB_Q429L,sust,Q429L,429,1287,1284,,,,,CAG,,Q,L,,,Rifampin,2) Assoc w RI,
rpoB,rpoB-1284,rpoB_Q429P,sust,Q429P,429,1287,1284,,,,,CAG,,Q,P,,,Rifampin,2) Assoc w RI,
rpoB,rpoB-1287,rpoB_L430R,sust,L430R,430,1290,1287,,,,,CTG,,L,R,,,Rifampin,2) Assoc w RI,
rpoB,rpoB-1290,rpoB_S431G,sust,S431G,431,1293,1290,,,,,AGC,,S,G,,,Rifampin,2) Assoc w RI,
rpoB,rpoB-1290,rpoB_S431R,sust,S431R,431,1293,1290,,,,,AGC,,S,R,,,Rifampin,2) Assoc w RI,
rpoB,rpoB-1290,rpoB_S431T,sust,S431T,431,1293,1290,,,,,AGC,,S,T,,,Rifampin,2) Assoc w RI,
rpoB,rpoB-1293,rpoB_Q432E,sust,Q432E,432,1296,1293,,,,,CAA,,Q,E,,,Rifampin,2) Assoc w RI,
rpoB,rpoB-1293,rpoB_Q432H,sust,Q432H,432,1296,1293,,,,,CAA,,Q,H,,,Rifampin,2) Assoc w RI,
rpoB,rpoB-1293,rpoB_Q432K,sust,Q432K,432,1296,1293,,,,,CAA,,Q,K,,,Rifampin,1 ) Asso c w R,
rpoB,rpoB-1293,rpoB_Q432L,sust,Q432L,432,1296,1293,,,,,CAA,,Q,L,,,Rifampin,1 ) Asso c w R,
rpoB,rpoB-1293,rpoB_Q432N,sust,Q432N,432,1296,1293,,,,,CAA,,Q,N,,,Rifampin,2) Assoc w RI,
rpoB,rpoB-1293,rpoB_Q432P,sust,Q432P,432,1296,1293,,,,,CAA,,Q,P,,,Rifampin,1 ) Asso c w R,
rpoB,rpoB-1299,rpoB_M434I,sust,M434I,434,1302,1299,,CCAGCCAGCTGAGCCAATTC,,1-2,ATG,,M,I,,,Rifampin,2) Assoc w RI,
rpoB,rpoB-1299,rpoB_M434L,sust,M434L,434,1302,1299,,,,,ATG,,M,L,,,Rifampin,2) Assoc w RI,
rpoB,rpoB-1299,rpoB_M434V,sust,M434V,434,1302,1299,,,,,ATG,,M,V,,,Rifampin,2) Assoc w RI,
rpoB,rpoB-1302,rpoB_D435A,sust,D435A,435,1305,1302,,,,,GAC,,D,A,,,Rifampin,2) Assoc w RI,
rpoB,rpoB-1302,rpoB_D435E,sust,D435E,435,1305,1302,,,,,GAC,,D,E,,,Rifampin,2) Assoc w RI,
rpoB,rpoB-1302,rpoB_D435G,sust,D435G,435,1305,1302,,,,,GAC,,D,G,,,Rifampin,2) Assoc w RI,
rpoB,rpoB-1302,rpoB_D435H,sust,D435H,435,1305,1302,,,,,GAC,,D,H,,,Rifampin,2) Assoc w RI,
rpoB,rpoB-1302,rpoB_D435L,sust,D435L,435,1305,1302,,,,,GAC,,D,L,,,Rifampin,2) Assoc w RI,
rpoB,rpoB-1275,rpoB_G426S,sust,G426S,426,1278,1275,,CCGCGATCAAGGAGTTCTTC,,,GGC,,G,S,,,Rifampin,2) Assoc w RI,
rpoB,rpoB-1305,rpoB_Q436N,sust,Q436N,436,1308,1305,,AGCTGAGCCAATTCATGGAC,,1-3-9,CAG,,Q,N,,,Rifampin,2) Assoc w RI,
rpoB,rpoB-1308,rpoB_N437D,sust,N437D,437,1311,1308,,,,,AAC,,N,D,,,Rifampin,2) Assoc w RI,
rpoB,rpoB-1308,rpoB_N437H,sust,N437H,437,1311,1308,,,,,AAC,,N,H,,,Rifampin,2) Assoc w RI,
rpoB,rpoB-1308,rpoB_N437I,sust,N437I,437,1311,1308,,,,,AAC,,N,I,,,Rifampin,2) Assoc w RI,
rpoB,rpoB-1308,rpoB_N437S,sust,N437S,437,1311,1308,,,,,AAC,,N,S,,,Rifampin,2) Assoc w RI,
rpoB,rpoB-1308,rpoB_N437Y,sust,N437Y,437,1311,1308,,,,,AAC,,N,Y,,,Rifampin,2) Assoc w RI,
rpoB,rpoB-1314,rpoB_P439L,sust,P439L,439,1317,1314,,,,,CCG,,P,L,,,Rifampin,2) Assoc w RI,
rpoB,rpoB-1314,rpoB_P439S,sust,P439S,439,1317,1314,,,,,CCG,,P,S,,,Rifampin,2) Assoc w RI,
rpoB,rpoB-1320,rpoB_S441A,sust,S441A,441,1323,1320,,TGGACCAGAACAACCCGCTG,,1-3,TCG,,S,A,,,Rifampin,2) Assoc w RI,
rpoB,rpoB-1320,rpoB_S441L,sust,S441L,441,1323,1320,,,,,TCG,,S,L,,,Rifampin,1 ) Asso c w R,
rpoB,rpoB-1320,rpoB_S441M,sust,S441M,441,1323,1320,,,,,TCG,,S,M,,,Rifampin,2) Assoc w RI,
rpoB,rpoB-1320,rpoB_S441Q,sust,S441Q,441,1323,1320,,,,,TCG,,S,Q,,,Rifampin,1 ) Asso c w R,
rpoB,rpoB-1320,rpoB_S441V,sust,S441V,441,1323,1320,,,,,TCG,,S,V,,,Rifampin,2) Assoc w RI,
rpoB,rpoB-1323,rpoB_G442E,sust,G442E,442,1326,1323,,ACCAGAACAACCCGCTGTCG,,1-3-6-9,GGG,,G,E,,,Rifampin,2) Assoc w RI,
rpoB,rpoB-1326,rpoB_L443F,sust,L443F,443,1329,1326,,,,,TTG,,L,F,,,Rifampin,2) Assoc w RI,
rpoB,rpoB-1329,rpoB_T444I,sust,T444I,444,1332,1329,,,,,ACC,,T,I,,,Rifampin,2) Assoc w RI,
rpoB,rpoB-1329,rpoB_T444S,sust,T444S,444,1332,1329,,,,,ACC,,T,S,,,Rifampin,2) Assoc w RI,
rpoB,rpoB-1332,rpoB_H445F,sust,H445F,445,1335,1332,,,,,CAC,,H,F,,,Rifampin,2) Assoc w RI,
rpoB,rpoB-1332,rpoB_H445G,sust,H445G,445,1335,1332,,,,,CAC,,H,G,,,Rifampin,2) Assoc w RI,
rpoB,rpoB-1332,rpoB_H445P,sust,H445P,445,1335,1332,,,,,CAC,,H,P,,,Rifampin,2) Assoc w RI,
rpoB,rpoB-1332,rpoB_H445Q,sust,H445Q,445,1335,1332,,,,,CAC,,H,Q,,,Rifampin,2) Assoc w RI,
rpoB,rpoB-1332,rpoB_H445S,sust,H445S,445,1335,1332,,,,,CAC,,H,S,,,Rifampin,1 ) Asso c w R,
rpoB,rpoB-1332,rpoB_H445T,sust,H445T,445,1335,1332,,,,,CAC,,H,T,,,Rifampin,2) Assoc w RI,
rpoB,rpoB-1335,rpoB_K446E,sust,K446E,446,1338,1335,,,,,AAG,,K,E,,,Rifampin,2) Assoc w RI,
rpoB,rpoB-1335,rpoB_K446Q,sust,K446Q,446,1338,1335,,,,,AAG,,K,Q,,,Rifampin,2) Assoc w RI,
rpoB,rpoB-1335,rpoB_K446R,sust,K446R,446,1338,1335,,,,,AAG,,K,R,,,Rifampin,2) Assoc w RI,
rpoB,rpoB-1335,rpoB_K446T,sust,K446T,446,1338,1335,,,,,AAG,,K,T,,,Rifampin,2) Assoc w RI,
rpoB,rpoB-1305,rpoB_Q436P,sust,Q436P,436,1308,1305,,AGCTGAGCCAATTCATGGAC,,,CAG,,Q,P,,,Rifampin,2) Assoc w RI,
rpoB,rpoB-1341,rpoB_R448K,sust,R448K,448,1344,1341,,CGGGGTTGACCCACAAGCGC,,,CGA,,R,K,,,Rifampin,2) Assoc w RI,
rpoB,rpoB-1341,rpoB_R448Q,sust,R448Q,448,1344,1341,,,,,CGA,,R,Q,,,Rifampin,2) Assoc w RI,
rpoB,rpoB-1281,rpoB_S428G,sust,S428G,428,1284,1281,,TCAAGGAGTTCTTCGGCACC,,,AGC,,S,G,,,Rifampin,2) Assoc w RI,
rpoB,rpoB-1344,rpoB_L449M,sust,L449M,449,1347,1344,,GGTTGACCCACAAGCGCCGA,,1-3-6-9,CTG,,L,M,,,Rifampin,2) Assoc w RI,
rpoB,rpoB-1347,rpoB_S450A,sust,S450A,450,1350,1347,,TGACCCACAAGCGCCGACTG,,,TCG,,S,A,,,Rifampin,2) Assoc w RI,
rpoB,rpoB-1347,rpoB_S450C,sust,S450C,450,1350,1347,,,,,TCG,,S,C,,,Rifampin,2) Assoc w RI,
rpoB,rpoB-1347,rpoB_S450G,sust,S450G,450,1350,1347,,,,,TCG,,S,G,,,Rifampin,2) Assoc w RI,
rpoB,rpoB-1347,rpoB_S450M,sust,S450M,450,1350,1347,,,,,TCG,,S,M,,,Rifampin,2) Assoc w RI,
rpoB,rpoB-1347,rpoB_S450Q,sust,S450Q,450,1350,1347,,,,,TCG,,S,Q,,,Rifampin,2) Assoc w RI,
rpoB,rpoB-1347,rpoB_S450V,sust,S450V,450,1350,1347,,,,,TCG,,S,V,,,Rifampin,2) Assoc w RI,
rpoB,rpoB-1347,rpoB_S450Y,sust,S450Y,450,1350,1347,,,,,TCG,,S,Y,,,Rifampin,2) Assoc w RI,
rpoB,rpoB-1350,rpoB_A451G,sust,A451G,451,1353,1350,,,,,GCG,,A,G,,,Rifampin,2) Assoc w RI,
rpoB,rpoB-1350,rpoB_A451V,sust,A451V,451,1353,1350,,,,,GCG,,A,V,,,Rifampin,2) Assoc w RI,
rpoB,rpoB-1353,rpoB_L452M,sust,L452M,452,1356,1353,,,,,CTG,,L,M,,,Rifampin,2) Assoc w RI,
rpoB,rpoB-1353,rpoB_L452Q,sust,L452Q,452,1356,1353,,,,,CTG,,L,Q,,,Rifampin,2) Assoc w RI,
rpoB,rpoB-1353,rpoB_L452V,sust,L452V,452,1356,1353,,,,,CTG,,L,V,,,Rifampin,2) Assoc w RI,
rpsA,rpsA-777,rpsA-260,sust,rpsA-260,260,780,777,,,1,1,,,,,GAGGTGCTCGACGTCGACATG,1,Pyrazinamide,,
rpsL,rpsL-126,rpsL-43,sust,rpsL-43,43,129,126,,GCGTGTACACCACCACTCCG,1,1,AAG,,,,AAGCCGAACTCGGCGCTTCGG,1,Streptomycin,1 ) Asso c w R,
rpsL,rpsL-261,rpsL-88,sust,rpsL-88,88,264,261,,TGGTGCGCGGCGGCCGGGTG,1,1,AAG,,,,GACCTGCCTGGTGTGCGCTAC,1,Streptomycin,1 ) Asso c w R,"k88M, k88R"
rpsL,rpsL-126,rpsL_K43R,sust,K43R,43,129,126,,GCGTGTACACCACCACTCCG,,,AAG,,K,R,,,Streptomycin,1 ) Asso c w R,
rpsL,rpsL-261,rpsL_K88Q,sust,K88Q,88,264,261,,TGGTGCGCGGCGGCCGGGTG,,,AAG,,K,Q,,,Streptomycin,2 ) Asso c w RI,
rpsL,rpsL-261,rpsL-K88M,sust,rpsL-K88M,88,264,261,,,,,AAG,,K,M,,,Streptomycin,1 ) Asso c w R,
rpsL,rpsL-261,rpsL-K88R,sust,rpsL-K88R,88,264,261,,,,,AAG,,K,R,,,Streptomycin,1 ) Asso c w R,
rrs,rrs-511,rrs_a514c,sust,a514c,514,514,511,ac,,,,GCA,,a,c,,,Streptomycin,1 ) Asso c w R,
rrs,rrs-514,rrs_c517t,sust,c517t,517,517,514,ct,,,,GCC,,c,t,,,Streptomycin,1 ) Asso c w R,
rrs,rrs-875,rrs_g878a,sust,g878a,878,878,875,ga,,,,CTG,,g,a,,,Streptomycin,1 ) Asso c w R,
rrs,rrs-1398,rrs_a1401g,sust,a1401g,1401,1401,1398,ag,,1,1,TCA,,a,g,,,Amikacin,1 ) Asso c w R,
rrs,rrs-1399,rrs_c1402t,sust,c1402t,1402,1402,1399,ct,,1,1,CAC,,c,t,,,Amikacin,2 ) Asso c w RI,
rrs,rrs-1481,rrs_g1484t,sust,g1484t,1484,1484,1481,gt,,1,1,ACG,,g,t,,,Amikacin,2 ) Asso c w RI,